Time,Reward
0.00029830000130459666,1.6
0.0019422000041231513,1.639999999999998
0.002311800024472177,4.24
0.0026806000096257776,1.3199999999999998
0.003189600014593452,3.9999999999999996
0.0035732000251300633,4.32
0.004322300024796277,0.4399999999999993
0.005005100014386699,3.5999999999999996
0.005330200016032904,4.28
0.006025400012731552,3.3999999999999995
0.006366100016748533,4.28
0.00661690000561066,4.48
0.007058800023514777,0.9999999999999997
0.0076363000262063,3.84
0.008028600015677512,4.12
0.00813850000849925,4.8
0.008233100001234561,4.84
0.008597500011092052,4.16
0.009901200013700873,-11.8
0.010373200027970597,3.9999999999999996
0.010643000015988946,4.44
0.010916300001554191,4.4
0.011050000000977889,4.72
0.01116550000733696,4.76
0.01165280002169311,3.88
0.01186610001605004,1.56
0.012211000022944063,4.28
0.012973600008990616,3.4799999999999995
0.013068300002487376,1.8399999999999999
0.013250600022729486,-9.319999999999999
0.013546600006520748,1.3599999999999999
0.014089700009208173,3.76
0.014351100020576268,4.4
0.014473200018983334,4.76
0.014644000009866431,4.64
0.01547969999955967,3.1599999999999993
0.01566940001794137,4.6
0.016406700015068054,-10.64
0.017259700020076707,3.039999999999999
0.018658500019228086,2.3599999999999985
0.019176000001607463,3.96
0.019495600019581616,4.36
0.021972700022161007,-0.7600000000000042
0.022226400004001334,4.48
0.02262290002545342,4.2
0.02295580002828501,1.2799999999999998
0.0234597000235226,0.8399999999999996
0.023565700015751645,1.8
0.024314000009326264,3.3199999999999994
0.024696500011486933,4.12
0.025016100000357255,1.3599999999999999
0.025114000018220395,1.88
0.0253400000219699,4.56
0.026179600012255833,3.1999999999999993
0.02640540001448244,-9.399999999999999
0.026965000026393682,3.7199999999999998
0.028039000026183203,-11.32
0.02871820001746528,3.6399999999999997
0.030084900005022064,2.1199999999999983
0.030790200020419434,3.4799999999999995
0.031390100019052625,3.8
0.03159550001146272,1.56
0.03193280001869425,1.2399999999999998
0.03231640000012703,1.1199999999999997
0.03313210001215339,0.39999999999999925
0.03336920001311228,4.6
0.03362550001475029,4.52
0.0339432000182569,1.2799999999999998
0.0347353000252042,3.4799999999999995
0.03549300000304356,3.2399999999999993
0.037061400013044477,-1.240000000000002
0.03782820000196807,0.19999999999999907
0.03791600000113249,1.88
0.03821040000184439,4.4
0.03844190001836978,1.48
0.03912440000567585,3.4799999999999995
0.03955720001249574,4.16
0.039747700007865205,4.64
0.04161550002754666,-1.8000000000000025
0.04240820000995882,3.1999999999999993
0.04267040002741851,4.44
0.04301560000749305,4.28
0.04326440001023002,4.4
0.04381510001257993,3.8
0.044374900026014075,3.84
0.044798600021749735,4.08
0.04526190002798103,3.9999999999999996
0.04563490001601167,1.1999999999999997
0.04611620001378469,4.04
0.04737710001063533,2.1999999999999984
0.04770150000695139,1.2799999999999998
0.0478282000112813,4.76
0.0486807000124827,3.5999999999999996
0.04894530001911335,4.52
0.04919380001956597,4.48
0.049495200015371665,-9.639999999999999
0.050243600009707734,-10.64
0.05069950001779944,0.9199999999999997
0.05084290000377223,1.72
0.05100830001174472,1.68
0.05140540000866167,1.0799999999999996
0.05292770001688041,1.9199999999999982
0.05307720002019778,1.72
0.053528300020843744,0.9599999999999997
0.05498830002034083,1.5999999999999979
0.0552095000166446,1.48
0.055287000024691224,1.88
0.05558730001212098,4.36
0.0558294000220485,1.44
0.05601900001056492,1.6
0.05681030001142062,3.4399999999999995
0.058836600015638396,-2.160000000000003
0.05977710001752712,-0.08000000000000096
0.06030590002774261,3.88
0.060498900013044477,4.6
0.061702700011665,-11.48
0.062191300006816164,3.96
0.06269710001652129,3.88
0.06342040002346039,3.2799999999999994
0.06392690000939183,0.8399999999999996
0.0645070000027772,3.88
0.06520450001698919,3.6799999999999997
0.06542190001346171,4.52
0.06580060001579113,4.16
0.06599200001801364,1.6
0.0663852000143379,4.16
0.06788919999962673,-1.4800000000000022
0.06817920002504252,1.44
0.06884740001987666,-10.36
0.06904990001930855,4.6
0.06931960000656545,4.4
0.069742200023029,-9.76
0.07084830000530928,2.839999999999999
0.07129180000629276,-9.879999999999999
0.07318340000347234,1.1199999999999974
0.07357050001155585,1.0799999999999996
0.07375000001047738,1.6
0.07450030001928098,3.4399999999999995
0.07494040002347901,0.9999999999999997
0.07503410000936128,1.8399999999999999
0.07562160000088625,3.5999999999999996
0.07652870001038536,-0.120000000000001
0.07697850000113249,0.9599999999999997
0.07728029999998398,-9.52
0.07743250002386048,1.72
0.07764170001610182,1.56
0.07815880002453923,0.7999999999999996
0.07911590000730939,0.2399999999999991
0.07930550002492964,1.6
0.07948470002156682,1.64
0.07972780001000501,4.52
0.07986510000773706,4.68
0.08001340000191703,1.68
0.0807199000264518,0.8399999999999996
0.08152920001884922,0.39999999999999925
0.08183680000365712,1.2799999999999998
0.08212050001020543,1.4
0.08242600000812672,1.2799999999999998
0.08313520002411678,3.5599999999999996
0.08335310002439655,1.52
0.0839183000207413,3.5999999999999996
0.08428370000910945,1.1999999999999997
0.08439640002325177,1.8
0.08530220002285205,3.2799999999999994
0.08547980000730604,1.64
0.08565620001172647,1.68
0.08597550002741627,4.36
0.0861235000193119,1.72
0.08620290001272224,1.88
0.08717570002772845,2.999999999999999
0.0873194000159856,1.68
0.08769790001679212,1.1599999999999997
0.08845710000605322,0.27999999999999914
0.08859540001139976,1.72
0.08884530002251267,4.44
0.08895960001973435,1.8
0.08920300001045689,4.44
0.08949920002487488,4.32
0.08970210002735257,4.52
0.09019460002309643,-10.04
0.09234760000254028,0.2799999999999967
0.09254630000214092,1.6
0.09292760002426803,1.1199999999999997
0.09303820002241991,1.8
0.09398950001923367,-0.2400000000000011
0.0940705000248272,1.88
0.09449909999966621,4.08
0.0952028000028804,0.5599999999999994
0.09563330002129078,1.1199999999999997
0.09639510000124574,0.4799999999999993
0.09692310000536963,0.9999999999999997
0.09710540002561174,4.64
0.09830190002685413,2.2799999999999985
0.09851400001207367,-9.36
0.0999057000153698,2.3999999999999986
0.1002133000001777,4.36
0.1009290000074543,3.3599999999999994
0.10131720002391376,4.2
0.10183040000265464,3.84
0.1021795000124257,4.28
0.10303260001819581,3.2799999999999994
0.10372370001277886,3.5199999999999996
0.10447090002708137,0.3599999999999992
0.10483180001028813,4.24
0.10529020000831224,0.9199999999999997
0.1053793000173755,1.8399999999999999
0.10596340001211502,-10.12
0.10622240000520833,4.44
0.10654600002453662,4.28
0.10677510002278723,1.52
0.10697340001934208,1.56
0.10716110002249479,1.6
0.10771320000640117,3.8
0.10827780002728105,3.6799999999999997
0.10854230000404641,4.44
0.10868880001362413,1.76
0.10898780002025887,1.3599999999999999
0.10913150000851601,4.72
0.1093360000231769,4.56
0.10985820001224056,3.7199999999999998
0.11061940001673065,3.2799999999999994
0.110941900027683,1.3199999999999998
0.11111120000714436,1.68
0.11120080002001487,1.8399999999999999
0.11140310001792386,4.6
0.11173170001711696,-9.68
0.1125305000168737,0.3599999999999992
0.11263790001976304,1.8
0.11299090000102296,1.2399999999999998
0.11370030001853593,0.27999999999999914
0.11478460000944324,2.3599999999999985
0.11546070000622422,3.5199999999999996
0.11589200000162236,4.16
0.11746960002346896,1.8799999999999981
0.11809980001999065,3.4799999999999995
0.11897300000418909,3.1999999999999993
0.12051330000394955,-1.5600000000000023
0.12077260002843104,1.44
0.12135680002393201,0.7999999999999996
0.12171610002405941,4.16
0.12200430000666529,1.3199999999999998
0.12225660000694916,1.44
0.12276950001250952,3.92
0.12326220000977628,4.08
0.12432700002682395,2.5999999999999988
0.12485290001495741,4.04
0.12524350002058782,-9.719999999999999
0.12566380001953803,4.08
0.1270039000082761,-0.9200000000000017
0.12730660001398064,1.2799999999999998
0.12835130002349615,-0.08000000000000096
0.12871860002633184,1.1999999999999997
0.1304678000160493,0.9599999999999973
0.1306611000036355,4.56
0.1310317000024952,1.2399999999999998
0.13115640002069995,1.76
0.13148650000221096,4.24
0.13176620000740513,4.36
0.1320741000236012,4.28
0.13230420000036247,-9.52
0.13252340001054108,1.48
0.13327940000453964,3.4799999999999995
0.13356930000009015,1.3199999999999998
0.13422380000702105,3.6799999999999997
0.13439150000340305,4.68
0.1352764000184834,3.1599999999999993
0.1359041000250727,3.7199999999999998
0.1362066000001505,4.36
0.13684570000623353,0.5599999999999994
0.1375222000060603,0.4799999999999993
0.13826300000073388,3.3599999999999994
0.13851140000042506,4.48
0.13868860001093708,1.6
0.13954440000816248,3.119999999999999
0.1399031000037212,4.24
0.14051240001572296,3.7199999999999998
0.14089370000874624,4.2
0.14117680001072586,4.4
0.14167490002000704,0.8799999999999997
0.1422020000172779,3.84
0.14256100001512095,1.1999999999999997
0.1426503000257071,1.8399999999999999
0.14329750000615604,3.5199999999999996
0.14371800000662915,3.9999999999999996
0.14427710001473315,-9.959999999999999
0.14456360001349822,4.72
0.1458211000135634,2.919999999999999
0.14624100000946783,3.9999999999999996
0.1464921000006143,1.44
0.1470234000007622,0.7999999999999996
0.147275500028627,4.44
0.1476373000186868,1.1999999999999997
0.14806650002719834,4.12
0.14831210000556894,1.52
0.14847110002301633,4.64
0.1488227000227198,4.28
0.14910410001175478,1.4
0.14945280001848005,4.32
0.14960710000013933,4.68
0.1504428000189364,3.3199999999999994
0.15080320002743974,4.12
0.15126940002664924,0.9599999999999997
0.15151810002862476,4.48
0.15184630002477206,4.28
0.1524247000052128,3.6799999999999997
0.15284120000433177,1.0799999999999996
0.15301730000646785,4.68
0.15334440002334304,4.24
0.15398460000869818,3.84
0.15428770001744851,4.32
0.15484830000787042,3.88
0.15570230002049357,3.2799999999999994
0.15620450000278652,-10.12
0.15675380002357997,3.76
0.15719300002092496,-10.0
0.1572623000247404,1.88
0.15780050001922064,3.76
0.1584562000061851,3.5199999999999996
0.15864010000950657,4.56
0.15924630002700724,3.7199999999999998
0.1598052000044845,3.84
0.160207500011893,4.2
0.16106160002527758,3.1599999999999993
0.16280730001744814,1.3999999999999977
0.1636659000068903,-0.120000000000001
0.16511100000934675,1.799999999999998
0.16529710000031628,4.68
0.1657930000219494,-10.08
0.16601870002341457,4.52
0.16621240001404658,4.68
0.16638090001652017,4.72
0.16656440001679584,4.6
0.16687160002766177,4.4
0.16740390000632033,0.7599999999999996
0.16896200002520345,-1.6400000000000023
0.16927510002278723,4.36
0.16967520001344383,4.2
0.17032110001309775,3.5599999999999996
0.17056800000136718,1.48
0.17126080000889488,-10.44
0.17137840000214055,1.76
0.1722293000202626,3.2799999999999994
0.1727547000045888,0.7999999999999996
0.17430830001831055,1.5999999999999979
0.17512910001096316,3.2799999999999994
0.1755340000090655,4.2
0.17626810001092963,0.27999999999999914
0.17748720000963658,2.5199999999999987
0.17851010002777912,2.679999999999999
0.17996090001543052,1.639999999999998
0.18029010001919232,4.36
0.18076320001273416,3.88
0.1809038000064902,4.68
0.1816644000064116,3.119999999999999
0.1820857000129763,1.0799999999999996
0.1822526000032667,4.64
0.18247910001082346,4.52
0.18295060002128594,3.88
0.18349610001314431,-10.0
0.18383490000269376,4.2
0.18410960002802312,4.36
0.18429860001197085,4.6
0.1845257000240963,1.48
0.18567170001915656,-0.4400000000000013
0.18580340000335127,-9.239999999999998
0.18720090002170764,-1.200000000000002
0.18864920001942664,1.5999999999999979
0.1892781000060495,3.5999999999999996
0.1896722000092268,4.08
0.18996900002821349,1.3199999999999998
0.19049370000720955,0.8799999999999997
0.19127070001559332,3.2399999999999993
0.1919443000224419,3.4799999999999995
0.1928349000227172,3.079999999999999
0.19319860002724454,4.36
0.19371540000429377,3.84
0.1940844000200741,1.1599999999999997
0.19444490000023507,4.28
0.1955360000138171,2.4399999999999986
0.1958405000041239,1.3199999999999998
0.19627790001686662,3.9999999999999996
0.19786780001595616,-1.5200000000000022
0.19834590001846664,3.96
0.19875750000937842,-9.92
0.19947360001970083,3.7199999999999998
0.20102750000660308,1.5999999999999979
0.20291550000547431,0.599999999999997
0.20326860001659952,-9.76
0.20414690001052804,3.1999999999999993
0.20452800000202842,4.12
0.20544220000738278,2.919999999999999
0.20657320000464097,-11.440000000000001
0.20698880002601072,-9.799999999999999
0.2076748000108637,3.5199999999999996
0.2084200000099372,-10.48
0.20884190002107061,1.0399999999999996
0.2094185000169091,3.76
0.20994310002424754,3.8
0.21012800000607967,1.6
0.2104369000007864,4.36
0.210643300000811,4.52
0.2121550000156276,1.3999999999999977
0.21224450002773665,1.8399999999999999
0.2123458000132814,4.8
0.21255350002320483,1.52
0.21269010001560673,1.72
0.21313580000423826,4.12
0.21368120002443902,-10.04
0.21463349999976344,-11.04
0.21620800002710894,2.0399999999999983
0.2164002000063192,1.6
0.21687500001280569,-10.0
0.21737860000575893,3.88
0.21767310000723228,4.4
0.21788750000996515,4.52
0.21810040000127628,4.52
0.21822249999968335,1.76
0.21861740000895225,3.96
0.21882530002039857,4.6
0.21944150002673268,3.6799999999999997
0.21990410002763383,1.0399999999999996
0.2205695000011474,-10.32
0.2206418000278063,1.88
0.22189570000045933,2.1599999999999984
0.22202390001621097,1.76
0.22243510000407696,4.08
0.2225703000149224,4.72
0.2229257000144571,4.2
0.2234774000244215,3.84
0.22434500002418645,3.4399999999999995
0.22482390000368468,3.92
0.22519500000635162,4.28
0.22575750001124106,3.76
0.2260655999998562,4.32
0.22641280002426356,4.28
0.2266204000043217,-9.44
0.22713380001368932,3.8
0.22787080000853166,0.27999999999999914
0.22823400000925176,4.24
0.22842060000402853,1.6
0.22887900000205263,3.96
0.2293595000228379,3.9999999999999996
0.2298896000138484,3.8
0.23044330000993796,-10.12
0.2310645000252407,3.5199999999999996
0.23157270002411678,3.92
0.2318210000230465,1.44
0.23216450001928024,4.32
0.23396430001594126,0.8399999999999972
0.23457710002548993,3.5599999999999996
0.23532440001145005,3.3999999999999995
0.23559610001393594,4.48
0.23624280001968145,3.5599999999999996
0.2369378000148572,3.6399999999999997
0.23722160002216697,1.3599999999999999
0.2377899000130128,3.96
0.2381671000039205,-9.799999999999999
0.23882520000915974,3.5199999999999996
0.2390492000267841,1.64
0.2394825000083074,-9.959999999999999
0.240009100001771,3.96
0.24046020000241697,0.9599999999999997
0.24077370000304654,4.32
0.24164320001727901,3.1599999999999993
0.241944000008516,4.32
0.2422085000143852,4.36
0.2425492000184022,1.2399999999999998
0.24269910002476536,1.68
0.24295180002809502,4.48
0.24367310001980513,3.3199999999999994
0.24421820000861771,3.8
0.24442980001913384,-9.399999999999999
0.2449225000164006,4.04
0.24538450001273304,4.04
0.2455115000193473,1.76
0.24598270002752542,3.92
0.24608870001975447,1.8
0.24637980002444237,4.4
0.246983100019861,-10.28
0.24759190002805553,3.6399999999999997
0.24769930000184104,1.8
0.24829790001967922,3.84
0.24845570002798922,4.68
0.25018220001948066,-1.7600000000000025
0.25087380001787096,3.5199999999999996
0.25125840000691824,1.1599999999999997
0.2515117000148166,4.48
0.2526522000262048,-0.4800000000000013
0.2534659000230022,3.2799999999999994
0.2553477000037674,1.1199999999999974
0.25565560001996346,4.4
0.25650580000365153,-0.040000000000000924
0.25719060000847094,3.6399999999999997
0.2576748999999836,3.88
0.2577778000268154,1.8
0.25786820001667365,1.8399999999999999
0.25812800001585856,4.52
0.25826870001037605,1.72
0.25865620002150536,1.1199999999999997
0.2589239000226371,1.4
0.2595729000167921,3.76
0.2605481000209693,-0.16000000000000103
0.2610235000029206,-9.92
0.2622004000004381,2.2799999999999985
0.26249650001409464,4.28
0.26312840002356097,3.76
0.2642478000198025,2.719999999999999
0.26458620000630617,4.16
0.2649433000187855,4.4
0.26520480000181124,4.44
0.26547840001876466,4.36
0.2656829000043217,1.56
0.2658287000085693,1.72
0.2661648000066634,4.24
0.26658060000045225,4.04
0.2673322000191547,-10.6
0.26747180000529625,1.72
0.26836220000404865,-10.68
0.26862160000018775,-9.6
0.26933600002666935,-10.48
0.2695061000122223,4.64
0.2703105000255164,0.27999999999999914
0.27053970002452843,1.52
0.2716413000016473,-11.36
0.2724264000135008,-10.4
0.27291200001491234,-10.0
0.2745708000147715,-12.32
0.276768700015964,0.7999999999999972
0.2775915000238456,0.19999999999999907
0.27818760002264753,0.6799999999999995
0.278698300011456,3.8
0.2788754000212066,4.6
0.2792935000034049,3.9999999999999996
0.27961660001892596,4.32
0.27992210001684725,4.36
0.28072530002100393,3.3599999999999994
0.2813239000097383,3.8
0.2815225000085775,4.56
0.2817724000196904,1.44
0.28208880001329817,4.32
0.28252430001157336,3.9999999999999996
0.28294060000916943,4.16
0.28308140000444837,1.72
0.28319810001994483,1.76
0.28380490001291037,3.5999999999999996
0.2847611000179313,-11.24
0.2850602000253275,4.36
0.2854115000227466,4.28
0.28553970000939444,1.76
0.28617340000346303,3.92
0.2864657000172883,4.48
0.2866218000126537,1.68
0.2869751000253018,4.16
0.28734340000664815,4.12
0.28801020001992583,3.3599999999999994
0.28869400001713075,0.3199999999999992
0.2894236000138335,3.3199999999999994
0.2896962000231724,4.4
0.2911735000088811,1.4799999999999978
0.2914034000132233,4.52
0.291748900024686,4.24
0.29203660000348464,4.4
0.2921850000275299,4.72
0.29278890002751723,3.5199999999999996
0.2929500000027474,4.76
0.2931976000254508,4.44
0.29390410002088174,3.2799999999999994
0.29428090000874363,4.2
0.2946284000063315,4.2
0.29495910002151504,4.28
0.2952995000232477,4.12
0.2955035000049975,4.52
0.295788800023729,4.32
0.2959234000009019,4.72
0.29603810000116937,1.8
0.29640840002684854,4.16
0.2968364000262227,4.16
0.29733080000733025,3.88
0.29793620001873933,3.6399999999999997
0.29830320001929067,4.12
0.2985257000254933,1.52
0.29862800001865253,4.8
0.2989162000012584,4.36
0.2994225000147708,0.7599999999999996
0.30022100001224317,3.3599999999999994
0.30029920002561994,1.88
0.3005470000207424,4.44
0.3008036000246648,4.52
0.3027169000124559,3.079999999999999
0.303561400010949,3.1599999999999993
0.304007200000342,1.0799999999999996
0.3047060000244528,3.2799999999999994
0.30519150002510287,0.9199999999999997
0.3052855000132695,1.8399999999999999
0.3056520000100136,4.12
0.305930200003786,4.44
0.30624730000272393,4.32
0.30699080001795664,-10.56
0.3073028000071645,1.2799999999999998
0.3078560000285506,-10.08
0.3090453000040725,2.639999999999999
0.3093440000084229,1.2799999999999998
0.30961900000693277,-9.6
0.30984320002608,4.52
0.31044180001481436,3.5599999999999996
0.3106477000110317,1.56
0.31145620002644137,-10.76
0.31190490000881255,-10.04
0.3128121000190731,3.1999999999999993
0.31302090000826865,1.56
0.3132497000042349,4.56
0.31353390001459047,4.36
0.3138463000068441,-9.639999999999999
0.314911600027699,2.719999999999999
0.3153048000240233,4.16
0.31546540002455004,1.64
0.3162464000051841,3.3999999999999995
0.316670600004727,3.9999999999999996
0.316959300020244,4.32
0.31706850000773557,4.76
0.31745330002740957,4.04
0.31772900000214577,4.32
0.3180199000053108,1.3599999999999999
0.31850500000291504,3.8
0.3186805000004824,-9.399999999999999
0.3207350000157021,0.599999999999997
0.32114590000128374,4.04
0.3213491000060458,4.56
0.3216446000151336,1.3199999999999998
0.3221975000051316,3.7199999999999998
0.322497100016335,4.36
0.32264240001677535,4.68
0.3230522000230849,-9.92
0.3234668000077363,1.0399999999999996
0.32390850002411753,4.08
0.32431610001367517,-9.84
0.32484680000925437,3.84
0.3261583000130486,2.3599999999999985
0.32709460001206025,-10.96
0.32744810002623126,4.16
0.32799160000286065,3.88
0.32844170002499595,0.9199999999999997
0.3291318000119645,3.5199999999999996
0.32938710000598803,1.4
0.32960340002318844,1.56
0.3301484000112396,3.88
0.33066580002196133,3.76
0.33081050001783296,1.68
0.331649900006596,2.999999999999999
0.3317945000017062,1.88
0.33207560001756065,4.56
0.33226720002130605,4.56
0.3325207000016235,4.48
0.3326866000134032,-9.36
0.3350825000088662,-0.32000000000000384
0.33544540000730194,1.1999999999999997
0.33657600000151433,2.3999999999999986
0.3371330000227317,0.6799999999999995
0.3373710000014398,1.48
0.33770480001112446,1.1999999999999997
0.3380131000012625,1.3199999999999998
0.3388240000058431,0.07999999999999896
0.3392599000071641,3.96
0.3394165000063367,1.68
0.33964610000839457,4.52
0.3400621000037063,4.16
0.34034900000551715,4.44
0.3406095000100322,1.4
0.34107700001914054,4.08
0.34165430002030917,3.6799999999999997
0.3419158000033349,1.4
0.3421144000021741,4.6
0.3427848000137601,3.3599999999999994
0.3431099000154063,1.3199999999999998
0.3442893000028562,-0.7200000000000015
0.3448668000055477,-10.28
0.345541900023818,3.4799999999999995
0.3461041000264231,3.6799999999999997
0.34638640002231114,4.36
0.3470169000211172,0.5999999999999994
0.34714870000607334,1.76
0.3472582000249531,1.76
0.3479372000147123,3.5999999999999996
0.34820180002134293,4.44
0.34858550000353716,4.08
0.3489463000150863,1.1199999999999997
0.34910590000799857,4.68
0.3497944000118878,-10.56
0.3501780000224244,4.2
0.35060770000563934,-9.879999999999999
0.3514088000229094,-10.64
0.35270620000665076,1.9999999999999982
0.3528758000175003,1.64
0.3537718000006862,2.879999999999999
0.3539467000227887,4.64
0.3542301000270527,4.4
0.35462890000781044,4.04
0.35538580000866205,3.4399999999999995
0.35547070001484826,1.8399999999999999
0.35564190000877716,4.64
0.35578210002859123,4.68
0.3561941000225488,4.04
0.3568383000092581,3.4399999999999995
0.3573640000249725,3.88
0.35760890002711676,4.44
0.3579411000246182,4.24
0.3581984000047669,4.48
0.35886930002016015,3.4399999999999995
0.3591270000033546,4.48
0.35926820000167936,4.72
0.3596541000006255,1.1199999999999997
0.36009780000313185,3.96
0.36032880001585,4.44
0.3605602000025101,4.44
0.3608080000267364,4.48
0.36132290001842193,0.7599999999999996
0.36162370000965893,-9.6
0.3620336000167299,4.2
0.36222410001209937,-9.399999999999999
0.3626156000245828,4.24
0.36277350000455044,1.68
0.3634459000022616,3.4399999999999995
0.3638922000245657,3.9999999999999996
0.3640680000244174,4.6
0.3642722000076901,4.56
0.36508370001683943,0.119999999999999
0.3651922999997623,1.8
0.36558000001241453,-9.879999999999999
0.36584080001921393,1.44
0.3663286000082735,3.8
0.3664823000144679,4.64
0.3668111000151839,4.24
0.3670060000149533,4.56
0.36721290001878515,1.52
0.36778580001555383,3.7199999999999998
0.36798170002293773,1.6
0.36838100000750273,1.0399999999999996
0.3688818000082392,0.7599999999999996
0.36900810000952333,-9.239999999999998
0.3696903000236489,-10.44
0.3701219000213314,0.9599999999999997
0.37040020001586527,4.36
0.37051410001004115,1.76
0.37085710000246763,1.1999999999999997
0.37104810000164434,1.6
0.37125720002222806,1.56
0.37189360000775196,3.4799999999999995
0.37270260002696887,0.15999999999999903
0.37309360000654124,4.08
0.37336409999988973,1.4
0.3736808000248857,1.2799999999999998
0.37499610002851114,2.3199999999999985
0.3756508000078611,3.3999999999999995
0.3761884000268765,3.76
0.37677450000774115,0.7199999999999995
0.3772441000037361,3.88
0.37758620001841336,1.2399999999999998
0.37808560000848956,4.08
0.3792202000040561,2.3999999999999986
0.3799336000229232,3.2799999999999994
0.3801507000171114,1.52
0.3811038000276312,2.759999999999999
0.3816308000241406,3.96
0.3819962000125088,4.16
0.382077800022671,1.88
0.3821745000022929,1.8399999999999999
0.3822680000157561,1.8399999999999999
0.3830230000021402,0.3199999999999992
0.38317270000698045,1.68
0.383494800014887,4.32
0.38364110002294183,4.72
0.38386760000139475,1.48
0.38423900000634603,4.28
0.3846270000212826,4.32
0.3848331000190228,1.56
0.384999500005506,4.68
0.3853739000041969,1.1199999999999997
0.3857068000070285,4.28
0.3857968000229448,1.8399999999999999
0.3858738000271842,1.88
0.38628330000210553,0.9999999999999997
0.3864105000102427,1.72
0.38658180000493303,1.64
0.3867088000115473,1.72
0.38699490000726655,4.36
0.38780680001946166,3.079999999999999
0.38814100000308827,4.28
0.3885004000039771,4.28
0.3888777000247501,4.16
0.3890568000206258,4.6
0.3892061000224203,4.64
0.38960010002483614,4.12
0.38978990001487546,-9.319999999999999
0.39016260000062175,4.24
0.39103670002077706,3.079999999999999
0.3914568000182044,4.2
0.3917848000128288,4.32
0.39194250002037734,1.64
0.39257770002586767,3.4399999999999995
0.39301320002414286,4.08
0.39320810002391227,4.64
0.39351320001878776,-9.559999999999999
0.3947947000269778,2.919999999999999
0.3956466000236105,-10.84
0.39645980001660064,0.07999999999999896
0.39681030000792816,1.1999999999999997
0.39703810002538376,4.56
0.39722850001999177,1.56
0.398225300014019,-11.08
0.39830880000954494,1.8399999999999999
0.39854880000348203,4.52
0.39980900002410635,2.1599999999999984
0.4002624000131618,0.9599999999999997
0.4004889000207186,1.52
0.40080160001525655,1.3199999999999998
0.40180300001520663,2.679999999999999
0.40222060002270155,4.04
0.402460900018923,4.56
0.40303730001323856,3.6399999999999997
0.4037247000087518,3.4399999999999995
0.40422970001236536,3.84
0.4043452000187244,4.76
0.40525340000749566,2.919999999999999
0.40555780002614483,4.36
0.40596950001781806,4.12
0.4061322000052314,1.64
0.4066907000087667,3.76
0.4069051000114996,-9.479999999999999
0.40876720001688227,0.8799999999999972
0.409050100017339,4.44
0.40930730002583005,4.44
0.4099181000201497,3.84
0.4101537000096869,-9.44
0.41065160001744516,3.88
0.41095810002298094,4.32
0.41133700002683327,4.12
0.4117698000045493,-9.92
0.411889400013024,4.76
0.4122141000116244,4.32
0.4126334000029601,4.16
0.4128076000197325,4.68
0.41289470001356676,1.8399999999999999
0.4135186000203248,3.8
0.41380980002577417,4.32
0.4140831000113394,4.44
0.4143636000226252,1.4
0.41482520001591183,0.9199999999999997
0.4161722000280861,2.1599999999999984
0.4165740000025835,1.1199999999999997
0.4173053000122309,3.2399999999999993
0.41745730000548065,4.72
0.41773810001905076,4.36
0.41819590001250617,3.92
0.41911050002090633,-11.24
0.41922370000975206,1.8
0.4195313000236638,4.36
0.41962070000590757,4.84
0.4198954000021331,-9.6
0.42061730002751574,3.4399999999999995
0.420793000026606,4.64
0.42114580000634305,1.1999999999999997
0.42132440002751537,4.64
0.4220839000190608,3.2399999999999993
0.42215960001340136,1.88
0.4228029000223614,0.4799999999999993
0.4230841000098735,-9.639999999999999
0.423481100006029,4.08
0.4239430000016,3.92
0.4245144000160508,3.8
0.42466120002791286,1.72
0.42520630001672544,3.6799999999999997
0.4254285000206437,4.48
0.42737960000522435,0.4799999999999969
0.42832400000770576,2.879999999999999
0.42945310001960024,-11.440000000000001
0.4303428000130225,3.119999999999999
0.43076520002796315,3.96
0.4309079000086058,4.68
0.43173310000565834,3.039999999999999
0.4318751000100747,4.72
0.43405840001651086,0.07999999999999652
0.43418800001381896,4.72
0.4345803000032902,4.16
0.4347116000135429,1.72
0.4350490000215359,-9.639999999999999
0.43594940000912175,2.719999999999999
0.43614550001802854,1.56
0.43655050001689233,4.16
0.4370972000178881,3.7199999999999998
0.4382605000282638,-0.8400000000000016
0.4388706000172533,-10.4
0.43944630000623874,3.6799999999999997
0.44021680002333596,3.4399999999999995
0.4404631000070367,4.4
0.440779399999883,4.24
0.4412902000185568,3.96
0.44149490000563674,4.56
0.4419159000099171,0.9199999999999997
0.4425387000082992,3.6799999999999997
0.44274070000392385,4.52
0.44286080001620576,4.72
0.44338180002523586,3.76
0.4437206000147853,-9.639999999999999
0.44448990002274513,3.1599999999999993
0.4447463000251446,4.4
0.4449134000169579,1.64
0.4457770000153687,2.919999999999999
0.4462509000150021,0.8799999999999997
0.4465783000050578,4.24
0.44678210001438856,4.56
0.4470152000139933,4.44
0.44768710000789724,3.3599999999999994
0.44783730001654476,-9.36
0.448806100001093,2.959999999999999
0.4490010000008624,4.6
0.4497900000133086,3.079999999999999
0.4510872000246309,1.9599999999999982
0.45160670002223924,0.6799999999999995
0.4520149000163656,4.12
0.4524591000226792,3.9999999999999996
0.4531773000198882,0.3199999999999992
0.4541322000150103,-0.2400000000000011
0.4542682000028435,4.72
0.45450270001310855,1.52
0.45484900000155903,4.24
0.4551260000152979,4.44
0.45684360002633184,1.3999999999999977
0.45701850001933053,4.68
0.4575073000160046,3.92
0.4581637000082992,-10.64
0.45863040001131594,3.96
0.4595666000095662,2.839999999999999
0.46034570000483654,3.2399999999999993
0.46175550000043586,1.9199999999999982
0.46231420000549406,3.6399999999999997
0.4631877000210807,3.1999999999999993
0.46333970001433045,4.68
0.46366710000438616,4.4
0.46392070001456887,4.4
0.4641058000270277,4.6
0.4644564000191167,4.16
0.4648686000145972,4.08
0.46514910002588294,-9.559999999999999
0.4660872000094969,2.679999999999999
0.4663897000136785,4.32
0.4667088000278454,4.32
0.46682160001364537,4.76
0.4671645000053104,-9.76
0.46756480002659373,4.2
0.46922870000707917,1.639999999999998
0.46955250002793036,4.28
0.47016950001125224,3.6799999999999997
0.47072180002578534,-10.12
0.47118760002194904,3.88
0.47163410001667216,1.1199999999999997
0.47230400002445094,3.5599999999999996
0.4726604000024963,4.16
0.47314730001380667,3.92
0.4735821000067517,3.96
0.47462190000806004,2.4799999999999986
0.47521400000550784,3.8
0.4758066000067629,0.6399999999999995
0.4769710000255145,2.5199999999999987
0.4786875999998301,1.2399999999999975
0.4790169000043534,4.32
0.4793151000048965,4.36
0.481113700021524,0.8799999999999972
0.4813974000280723,1.3599999999999999
0.4816055000119377,4.56
0.48320180000155233,1.679999999999998
0.48347690000082366,4.4
0.48377020002226345,4.36
0.48411630000919104,4.24
0.48479140002746135,3.4799999999999995
0.4850864000036381,4.4
0.48567420002655126,3.6399999999999997
0.4868319000233896,2.5999999999999988
0.4869578000216279,4.76
0.4879176000249572,-11.16
0.4887398000282701,3.3199999999999994
0.4888832000142429,4.68
0.4892588000220712,4.24
0.48949830001220107,4.4
0.4898680000042077,4.12
0.4905179000052158,3.6399999999999997
0.49076910002622753,4.4
0.49092590002692305,4.68
0.49139050001394935,3.92
0.49201860002358444,3.6399999999999997
0.492234000004828,1.52
0.49290040001505986,3.4799999999999995
0.4933863000187557,-10.08
0.4939916000002995,3.5999999999999996
0.4944952000223566,3.96
0.49466160000883974,1.64
0.4954567000095267,3.2799999999999994
0.4961928000266198,3.3599999999999994
0.49647060001734644,4.4
0.4968061000108719,1.3199999999999998
0.4971893000183627,4.16
0.49775720000616275,3.84
0.49954170000273734,1.0399999999999974
0.49988900002790615,4.28
0.501767200010363,0.9199999999999973
0.5025024000206031,3.7199999999999998
0.5026927000144497,4.6
0.5029660000000149,4.44
0.503358100017067,4.24
0.5035040000220761,4.72
0.5043713000195567,3.2399999999999993
0.5044964000117034,4.76
0.5050710000214167,3.76
0.5052791000052821,-9.479999999999999
0.5057032000040635,4.16
0.5059993000177201,1.3599999999999999
0.5065759000135586,3.6799999999999997
0.5068524000234902,1.4
0.5079127000062726,2.799999999999999
0.5081407000252511,4.52
0.5087202000140678,3.8
0.5099078000057489,2.3599999999999985
0.510447300010128,3.88
0.5105962000088766,4.68
0.5114320000284351,3.2799999999999994
0.5118934000201989,-9.84
0.5122010000050068,1.3199999999999998
0.5131472000211943,2.799999999999999
0.5140587000059895,3.079999999999999
0.5150976000004448,2.639999999999999
0.5158442000101786,3.1599999999999993
0.5162638000037987,4.04
0.5169159000215586,3.5199999999999996
0.5170815000019502,1.68
0.5179419000050984,3.1599999999999993
0.5186959000129718,3.079999999999999
0.5189087000035215,4.52
0.5193812000215985,3.84
0.5195476000080816,1.64
0.5198407000279985,4.36
0.5207425000262447,3.1999999999999993
0.5213321000046562,3.6799999999999997
0.5220858000102453,3.2399999999999993
0.5236502000188921,1.3999999999999977
0.5238608000217937,4.52
0.5241636000282597,1.3199999999999998
0.5250491000188049,3.079999999999999
0.5252837000007275,4.48
0.5261227000155486,3.079999999999999
0.526365400000941,4.4
0.5264788000204135,-9.239999999999998
0.5266461000137497,1.64
0.5276595000177622,-11.04
0.5284072000067681,3.3199999999999994
0.5287426000286359,4.28
0.5290692000126,4.24
0.5294404000160284,-9.68
0.5296139000274707,4.68
0.5299397000053432,4.24
0.5303969000233337,0.9199999999999997
0.530517700011842,4.76
0.5306775000062771,1.68
0.5308551000198349,4.6
0.5312623000063468,4.04
0.5315266000106931,-9.52
0.5316806000191718,1.68
0.5324918000260368,3.2799999999999994
0.5328660000232048,4.16
0.5329677000117954,4.8
0.5333623000187799,4.24
0.5335571000177879,4.6
0.5337400000134949,4.6
0.5338669000193477,4.76
0.5341146000137087,4.52
0.5344961000082549,-9.879999999999999
0.5351702000189107,3.4399999999999995
0.5353566000121646,4.6
0.5356812000100035,-9.719999999999999
0.5363595000235364,-10.56
0.5373404000129085,-0.2400000000000011
0.5377278000232764,1.0799999999999996
0.5378838000178803,1.64
0.5383316000225022,4.04
0.5385737000033259,4.52
0.5402692000207026,-12.64
0.5403843000240158,1.76
0.5410037000256125,-10.36
0.5422958000272047,2.3199999999999985
0.542759300005855,-10.04
0.5430877000035252,4.28
0.5439990000159014,-10.76
0.5446323000069242,0.7599999999999996
0.5460178000212181,-12.0
0.546129500027746,1.8
0.5469588000269141,0.4799999999999993
0.5474499000119977,3.88
0.5479356000141706,3.92
0.5481292000040412,4.6
0.5493541000178084,-11.760000000000002
0.5496431000065058,1.3599999999999999
0.5497875000000931,4.72
0.5503237000084482,3.8
0.5509496000013314,0.5599999999999994
0.551416700007394,0.9599999999999997
0.5523325000249315,2.759999999999999
0.5525846000236925,4.4
0.5531685000169091,-10.24
0.553663200000301,3.84
0.5539632000145502,4.32
0.5548640000051819,2.839999999999999
0.5553021000232548,3.9999999999999996
0.5555112000147346,4.56
0.5557227000244893,4.56
0.5571014000161085,-12.0
0.5573115000152029,4.48
0.5575814000039827,-9.6
0.5584462000115309,3.1999999999999993
0.5585706000274513,4.76
0.5587851000018418,4.6
0.5593714000133332,-10.28
0.5605652000231203,2.639999999999999
0.5612353000033181,0.4399999999999993
0.5618267000245396,3.76
0.5636284000065643,0.7599999999999971
0.5639517000236083,4.36
0.5644015000143554,4.12
0.5646922000159975,4.36
0.5657928000146057,-0.5600000000000014
0.5664265000086743,3.5199999999999996
0.5681296000257134,-1.7600000000000025
0.5687000000034459,3.8
0.5690688000177033,1.1599999999999997
0.5704038000258151,2.4399999999999986
0.5707272000145167,-9.719999999999999
0.5711065000214148,4.32
0.5719734000158496,0.07999999999999896
0.5725291000271682,0.8399999999999996
0.573231600021245,-10.44
0.5735009000054561,1.44
0.5737913000048138,4.4
0.5741171000117902,4.32
0.574534900020808,4.2
0.5747127000067849,4.68
0.5750236000167206,-9.6
0.5755491000018083,-10.0
0.5757586000254378,4.56
0.5770927000266965,2.3999999999999986
0.5777921000262722,-10.52
0.5784337000222877,3.76
0.5787228000117466,4.4
0.5790915000252426,1.1599999999999997
0.579378700000234,4.48
0.5799870000046212,1.3199999999999998
0.5800922000198625,1.8
0.5805967000196688,3.96
0.5815480000164825,-0.3600000000000012
0.5818427000194788,4.36
0.5824592999997549,0.5999999999999994
0.5826857000065502,4.56
0.5828178000228945,1.72
0.5830481000011787,1.52
0.5834981000225525,4.16
0.5839791000180412,4.08
0.5847827000252437,3.2399999999999993
0.5852327000175137,4.12
0.5854153000109363,1.68
0.5857983000169042,4.16
0.5859182000276633,1.76
0.5867266000132076,3.1599999999999993
0.5871284000168089,4.28
0.5871982000244316,1.88
0.5879927000205498,3.2799999999999994
0.5881118000252172,1.72
0.5887283000047319,3.6799999999999997
0.5894778000074439,3.4799999999999995
0.5898207999998704,4.24
0.5904201000230387,0.7199999999999995
0.5907111000269651,4.36
0.5907788000185974,1.88
0.5912246000079904,4.12
0.5917297000123654,3.92
0.5919199000054505,1.6
0.5920296000258531,1.8
0.5921762000070885,1.72
0.5927032000035979,3.96
0.5949151000240818,-2.560000000000003
0.5964546000177506,-0.8800000000000017
0.5966316000267398,1.6
0.5967140000138897,1.8399999999999999
0.5968676000193227,1.68
0.5985779000038747,1.799999999999998
0.5987599000218324,1.6
0.5988950000028126,-9.28
0.5999714000208769,-11.36
0.6005664000113029,0.7599999999999996
0.6013903000275604,0.27999999999999914
0.6016732999996748,1.4
0.6028066000144463,2.5999999999999988
0.6033428000228014,3.8
0.6036649000016041,4.32
0.6038424000144005,1.6
0.6048921000037808,2.759999999999999
0.6051483000046574,1.44
0.6057625000248663,3.7199999999999998
0.6058723000169266,1.8
0.605994700017618,1.76
0.6063659000210464,4.24
0.6068527000024915,3.9999999999999996
0.6070080000208691,1.68
0.6071686000213958,1.64
0.6076601000095252,0.8399999999999996
0.6087764000112657,-11.16
0.6090428000024986,4.56
0.6105125000176486,2.0799999999999983
0.6107102000096347,1.64
0.6110627000161912,4.4
0.6113389000238385,1.3599999999999999
0.6119863000058103,3.5599999999999996
0.6128779000137001,-0.16000000000000103
0.6131530000129715,1.4
0.6137159000209067,0.6799999999999995
0.6140306000015698,1.3199999999999998
0.6143694000202231,4.36
0.6145622000040021,1.6
0.6147470000141766,1.6
0.6148178000003099,1.88
0.6154643000045326,3.6399999999999997
0.6156631000048947,1.64
0.6163451000174973,3.5599999999999996
0.6164372000203002,1.8399999999999999
0.6167022000008728,4.48
0.6168551000009757,1.68
0.6170823000138626,1.48
0.6172957000089809,1.56
0.6173736000200734,1.88
0.6177245000144467,1.3599999999999999
0.6180135000031441,4.32
0.6181573000212666,1.72
0.6187463000242133,3.76
0.6190322000184096,1.3599999999999999
0.6202211000199895,2.3999999999999986
0.6207485000195447,3.92
0.6212513000064064,3.88
0.6225356000068132,2.0799999999999983
0.6227750000252854,4.44
0.6230195000243839,4.48
0.6235729000181891,3.8
0.6236689000215847,4.84
0.6238281000114512,1.68
0.6239779000170529,4.68
0.6243240000039805,4.2
0.6245068999996874,4.6
0.6248903000087012,-9.879999999999999
0.6255572000227403,0.6799999999999995
0.625896500016097,4.24
0.6262177000171505,4.4
0.6270267000072636,3.1999999999999993
0.6274797000223771,-10.04
0.6278266000153963,4.32
0.6285868000122719,3.1999999999999993
0.6290713000053074,3.9999999999999996
0.6294404000218492,4.12
0.6296963000204414,4.4
0.6298112000222318,4.76
0.6306021000200417,3.4399999999999995
0.6310454000195023,3.9999999999999996
0.6321106000104919,2.759999999999999
0.6335637000156567,2.2399999999999984
0.6348192000004929,-11.440000000000001
0.6356339000049047,-10.68
0.6364170000015292,3.4399999999999995
0.6371208000055049,3.4799999999999995
0.6372422000276856,4.72
0.6377479000075255,3.9999999999999996
0.6407401000033133,-0.9200000000000044
0.6411584000161383,4.08
0.6422822000167798,3.5599999999999996
0.6425714000070002,1.3199999999999998
0.6429089000157546,4.2
0.6434990000270773,3.84
0.6437797000107821,4.4
0.6442259000032209,3.92
0.6443273000186309,1.8
0.6446349000034388,4.32
0.645391700003529,3.3199999999999994
0.645788400026504,1.1199999999999997
0.6460709000239149,4.36
0.6465024000208359,1.0399999999999996
0.6471828000212554,0.3599999999999992
0.6477561000210699,3.5999999999999996
0.6478939000226092,4.68
0.6482592000102159,4.16
0.6486377000110224,4.2
0.6490855000156444,4.08
0.6496816000144463,3.84
0.6498781000263989,4.56
0.6504593000281602,-10.32
0.6528004000138026,-3.480000000000004
0.654136600001948,2.2399999999999984
0.6542432000278495,1.8
0.654852400009986,0.5999999999999994
0.6552540000120644,4.12
0.6562660000054166,2.959999999999999
0.6566899000026751,4.24
0.6571534000104293,3.92
0.6573148000170477,4.64
0.6576003000081982,4.44
0.6583444000279997,3.3999999999999995
0.658460600010585,1.76
0.6590165000234265,3.76
0.6593829000194091,4.28
0.6595992000075057,4.56
0.6601549000188243,3.84
0.6605441000137944,4.16
0.6608563000045251,4.32
0.6610928000009153,4.48
0.6615621000237297,3.92
0.6620477000251412,3.9999999999999996
0.6625963000115007,-10.12
0.6633308000164106,3.3999999999999995
0.664162100001704,3.1999999999999993
0.6645169000257738,4.32
0.6654659000050742,2.839999999999999
0.6661835000268184,-10.48
0.6666936000110582,3.84
0.6669461000128649,4.44
0.6671253000095021,4.64
0.6679268000007141,-10.72
0.6684173000103328,4.04
0.6685680000227876,4.68
0.6687650000094436,4.6
0.6689679000119213,-9.399999999999999
0.6694600000046194,3.84
0.6698691000055987,4.2
0.6711636000254657,2.2399999999999984
0.671317000000272,4.72
0.6718066000030376,3.88
0.6723874000017531,3.88
0.67264500001329,4.4
0.6728422000014689,4.56
0.6732769000227563,3.96
0.6735476000176277,4.32
0.6747147000278346,2.1199999999999983
0.6750395000271965,4.28
0.6758157000003848,3.2399999999999993
0.676110600004904,1.3599999999999999
0.6764022000133991,4.4
0.6780095000285655,1.2799999999999976
0.6782622000027914,4.44
0.6784670000197366,4.56
0.6786301000101957,-9.319999999999999
0.6788342000218108,4.52
0.678954100003466,-9.2
0.6794953000207897,3.92
0.680062800005544,3.8
0.6806202000007033,3.6399999999999997
0.6809724000049755,4.2
0.6811302000132855,4.68
0.6815461000078358,4.04
0.682146000006469,3.7199999999999998
0.6824416000163183,4.32
0.6828051000193227,4.2
0.6834838000067975,3.5999999999999996
0.6836903000075836,4.6
0.6840382000082172,4.24
0.6849643000168726,2.799999999999999
0.685099500027718,1.72
0.6857280000112951,3.7199999999999998
0.6860609000141267,1.3199999999999998
0.6866518000024371,3.84
0.6868321000074502,1.6
0.6870155000069644,1.64
0.6873307000205386,4.24
0.687485900009051,4.72
0.6876873000001069,1.52
0.6885214000067208,3.2799999999999994
0.6887519000156317,1.48
0.6889483000268228,4.64
0.6895037000067532,3.8
0.6899253000156023,4.04
0.6902445000014268,4.32
0.6911713000154123,3.1999999999999993
0.6913282000168692,-9.28
0.6915137000032701,4.56
0.6921465000195894,3.7199999999999998
0.6922775000275578,4.72
0.692859300004784,3.6399999999999997
0.6934132000023965,3.7199999999999998
0.6940688000177033,3.5199999999999996
0.695080000004964,2.919999999999999
0.6962554000201635,2.3999999999999986
0.6964153000153601,4.64
0.6965780000027735,4.64
0.6978732000279706,1.8799999999999981
0.6981734000146389,4.28
0.6983914000156801,1.52
0.6985383999999613,4.68
0.6987243000185117,4.68
0.699093700008234,1.1599999999999997
0.6995951000135392,-10.16
0.6999966000148561,1.1599999999999997
0.7005668000201695,3.8
0.7010193000023719,4.08
0.7012249000254087,1.8399999999999999
0.7020558000076562,0.27999999999999914
0.7030574000091292,2.959999999999999
0.7031293000036385,1.88
0.7033503000275232,4.56
0.7035149000003003,4.64
0.7037208000256214,4.48
0.7038783000025433,1.68
0.7043673000007402,-10.16
0.7048264000040945,3.88
0.7051659999997355,4.28
0.7055632000265177,4.04
0.7056680000096094,1.76
0.7057448000123259,1.88
0.7058386000280734,1.8399999999999999
0.7060026000253856,-9.28
0.7068036000127904,0.119999999999999
0.7071016000118107,4.36
0.7072141000244301,-9.2
0.7074884000176098,4.4
0.7077436000108719,4.44
0.7078936000179965,4.68
0.7082958000246435,-9.879999999999999
0.7085827000264544,4.44
0.7086988000082783,4.8
0.7090150000003632,-9.639999999999999
0.7095187000231817,4.04
0.7102230000018608,-10.44
0.7114588000113145,2.3199999999999985
0.7117464000184555,4.44
0.7120801000273786,1.3199999999999998
0.712273200013442,1.64
0.7123588000249583,1.8399999999999999
0.7133115000033285,2.839999999999999
0.7145025000208989,2.5199999999999987
0.7147242000210099,4.52
0.7149932000029366,4.44
0.715084100025706,1.8399999999999999
0.7153132000239566,1.48
0.7154925000213552,4.64
0.7159837000072002,4.04
0.7163727000006475,1.1999999999999997
0.7172112000116613,3.5199999999999996
0.7177096000232268,-10.0
0.7185162000241689,3.4399999999999995
0.7199711000139359,2.1599999999999984
0.7203062000044156,4.28
0.7225675000227056,0.599999999999997
0.7229196000262164,4.4
0.7231403000187129,4.52
0.7234204000269528,4.36
0.7244557000230998,2.679999999999999
0.724630500015337,4.6
0.7251463000138756,0.7999999999999996
0.7254392000031658,4.36
0.725941500015324,4.04
0.726076600025408,1.76
0.7263526000024285,1.3599999999999999
0.7267229999997653,4.24
0.7269511000195052,1.48
0.72715380002046,1.52
0.7276160000183154,0.9199999999999997
0.7279898000124376,4.12
0.7283896000008099,1.0799999999999996
0.7293065000267234,3.079999999999999
0.729806000017561,3.88
0.730604400014272,3.1999999999999993
0.7307632000010926,4.68
0.7313377000100445,3.92
0.7318142000003718,3.96
0.732366300013382,3.6799999999999997
0.7326246000011452,1.4
0.7329304000013508,4.32
0.7332252000051085,4.4
0.7335159000067506,4.32
0.7340466000023298,3.7199999999999998
0.7341292000201065,1.8399999999999999
0.73435850001988,1.44
0.7345010999997612,4.72
0.7348679000278935,-9.799999999999999
0.7354387000086717,3.88
0.7357744000037201,4.2
0.7360499000060372,4.36
0.7362307000148576,1.64
0.7363608000159729,4.76
0.7369198000233155,3.76
0.7396300000254996,-1.4800000000000049
0.7417509000224527,0.43999999999999684
0.7421494000009261,4.12
0.742445800016867,4.36
0.7428183000010904,4.24
0.7428913000039756,1.88
0.7432419000251684,4.36
0.743483300000662,-9.52
0.7441664000216406,3.4799999999999995
0.744300700025633,1.72
0.7446154000062961,4.4
0.7449603000131901,4.2
0.7453502000134904,1.0799999999999996
0.7458582000108436,3.96
0.7461674000078347,-9.479999999999999
0.7471527000016067,2.759999999999999
0.7475938000134192,0.9599999999999997
0.7480925000272691,3.96
0.7493380000232719,2.1599999999999984
0.7498498000204563,-10.16
0.7507846000080463,2.959999999999999
0.7516271000204142,-10.6
0.75181130002602,4.6
0.7520346000092104,4.64
0.7524960000009742,4.08
0.7527272000152152,-9.52
0.7530169000092428,1.3599999999999999
0.7531473000126425,4.72
0.7537144000234548,3.7199999999999998
0.7542077000252903,3.88
0.7545881000114605,4.2
0.7548892000049818,4.36
0.7557043000124395,3.2399999999999993
0.7571784000028856,1.5599999999999978
0.7579353000037372,3.3999999999999995
0.759264800028177,2.0399999999999983
0.7596445000090171,4.24
0.7601548000238836,4.04
0.7608461000199895,0.3599999999999992
0.7614450000110082,0.5999999999999994
0.7621137000096496,3.7199999999999998
0.7623644000268541,1.48
0.7624776000156999,1.76
0.7629775000095833,1.0799999999999996
0.7631892000208609,1.56
0.7636079000076279,1.0399999999999996
0.7652540000271983,1.799999999999998
0.7658469000016339,0.5599999999999994
0.7663919000187889,3.96
0.7671896000101697,3.2399999999999993
0.767528600001242,4.36
0.7680363000254147,3.92
0.7695695000002161,1.759999999999998
0.7697664000152145,4.52
0.7703169000160415,0.6799999999999995
0.770937600027537,3.5999999999999996
0.7719241000013426,2.879999999999999
0.7725072000175714,3.8
0.772709400014719,4.6
0.7733173000160605,0.4799999999999993
0.7735257000022102,4.64
0.7740470000135247,3.84
0.7742091000254732,1.68
0.7772089000209235,-1.2400000000000047
0.7774909000145271,4.52
0.7782485000207089,-10.52
0.7783306000055745,4.84
0.7784570000076201,4.72
0.7791634000022896,3.5199999999999996
0.7793708000099286,4.56
0.779557300003944,1.6
0.7797266000125092,4.6
0.7798990000155754,-9.399999999999999
0.7800781000114512,4.6
0.7802832000015769,4.52
0.7814160000125412,2.5999999999999988
0.7820429000130389,3.88
0.7822313000215217,4.6
0.782503300026292,4.36
0.7826897000195459,4.64
0.783444500004407,3.3199999999999994
0.7835371000110172,4.84
0.78387380001368,4.28
0.7842108000186272,4.24
0.7843606000242289,4.64
0.7844873000285588,4.68
0.7848077000235207,4.28
0.7851818000199273,4.12
0.7853181000100449,4.68
0.7856582000094932,4.12
0.7859864000056405,4.2
0.7861273000016809,4.72
0.7868615000043064,3.2799999999999994
0.7870700000203215,4.64
0.7873199000023305,4.48
0.7875566000002436,-9.479999999999999
0.7881362000189256,3.6799999999999997
0.7887881000060588,3.3199999999999994
0.7893404000205919,3.7199999999999998
0.7895681000081822,4.48
0.7897059000097215,4.68
0.7901217000035103,4.04
0.7905987000267487,3.96
0.7913317000202369,3.5999999999999996
0.7917207000136841,4.2
0.7921311000245623,3.9999999999999996
0.7925560000003316,4.04
0.7930551000172272,3.88
0.7931715000013355,4.84
0.793503300024895,4.24
0.7940155000251252,3.9999999999999996
0.7946451000170782,3.3999999999999995
0.7949720000033267,4.28
0.7953388000023551,4.12
0.795666500023799,4.24
0.7958492000179831,4.56
0.7962801000103354,3.9999999999999996
0.7969004000187851,3.3999999999999995
0.7972346000024118,4.28
0.7976112000178546,4.2
0.7980363000242505,4.2
0.7982236000243574,4.56
0.7986147000046913,-9.799999999999999
0.7989496000227518,4.28
0.7995939000102226,3.5199999999999996
0.8001318000024185,3.92
0.8002977000141982,4.6
0.8014732000010554,2.639999999999999
0.8017413000052329,4.44
0.8025937000056729,3.3199999999999994
0.8030902000027709,3.92
0.8033125000074506,-9.479999999999999
0.8037674000079278,-9.959999999999999
0.8043409000092652,0.7999999999999996
0.8046466000087094,-9.639999999999999
0.805858800013084,-11.56
0.8059988000022713,1.76
0.8062642000149935,4.4
0.8067335000087041,3.96
0.8070789000194054,4.36
0.807548200013116,3.9999999999999996
0.8086717000114731,2.4799999999999986
0.8091267000127118,4.04
0.8094605000223964,4.28
0.8104788000055123,-11.32
0.8108754000277258,0.9999999999999997
0.8111121000256389,4.52
0.8119789000193123,3.1599999999999993
0.8130975000094622,-0.3600000000000012
0.8134577000164427,4.16
0.813609600008931,4.68
0.8138122000091244,4.6
0.8152770000160672,-12.240000000000002
0.8188852000166662,-3.3199999999999994
0.8195848000177648,-10.6
0.8209793000132777,-11.88
0.8219189000083134,2.919999999999999
0.8226382000138983,3.3599999999999994
0.823142800014466,3.88
0.8237344000081066,3.7199999999999998
0.8244489000062458,0.39999999999999925
0.8247175000142306,1.44
0.8248246000148356,1.8
0.8256487000035122,3.039999999999999
0.8257607000123244,1.76
0.8258966000285,4.72
0.8271703000064008,-12.040000000000001
0.8278595000156201,3.5199999999999996
0.8287060000002384,3.2799999999999994
0.8294719000114128,3.3999999999999995
0.8297742000140715,-9.6
0.8298946000286378,1.76
0.8301358000026084,4.52
0.8308285000093747,3.6399999999999997
0.8312545000226237,4.16
0.8315379000268877,4.36
0.8316847000096459,4.72
0.8322753000247758,3.6799999999999997
0.8325801000173669,4.4
0.8327656000037678,1.64
0.8331206000002567,4.2
0.8334117000049446,4.48
0.8340438000159338,3.6799999999999997
0.8345018000109121,0.9199999999999997
0.8351938000123482,3.4399999999999995
0.8356399000040255,4.08
0.8364894000114873,3.2399999999999993
0.8367321000259835,4.52
0.8369739000045229,4.48
0.8372661000175867,4.48
0.8375493000203278,4.36
0.8377711000212003,4.6
0.8380981000082102,4.32
0.8383778000134043,-9.52
0.8386653000197839,4.44
0.8389389000076335,4.36
0.8392545000242535,-9.639999999999999
0.8400111000228208,3.5199999999999996
0.8403123000171036,4.32
0.840460700012045,4.68
0.8409982000011951,3.8
0.8413006000046153,4.36
0.8415768000122625,1.3599999999999999
0.8420686000026762,3.84
0.8422030000074301,4.72
0.8424404000106733,4.48
0.8429254000075161,0.9199999999999997
0.8432581000088248,4.36
0.8434901000000536,4.48
0.8437470000062604,4.48
0.8438446000218391,4.8
0.8441430000239052,4.36
0.8446535000111908,3.76
0.8452379000082146,3.76
0.8454450000135694,4.56
0.8457458000048064,4.32
0.8460373000125401,4.44
0.84649610001361,-10.08
0.8469094000174664,0.9999999999999997
0.8470461000106297,-9.239999999999998
0.8482734000135679,2.3599999999999985
0.848622300021816,4.28
0.8488581000128761,4.48
0.8492508000053931,4.24
0.850737200002186,1.4799999999999978
0.8529263000236824,0.11999999999999655
0.8533793000096921,4.28
0.8538286000257358,4.16
0.8540778000024147,4.6
0.8542377000267152,1.72
0.8545272000192199,4.56
0.8549289000220597,4.48
0.855275600013556,4.4
0.8555280000146013,4.6
0.8558630000043195,4.44
0.8562254999997094,4.36
0.8564119000220671,4.68
0.8567011000122875,4.48
0.8569290000014007,4.6
0.8571348000259604,4.68
0.8574980000266805,4.4
0.8577065000135917,4.64
0.8583196000254247,4.04
0.8586249000218231,4.48
0.8588454000127967,4.64
0.8591589000134263,4.48
0.8595614000223577,4.4
0.859773900010623,4.64
0.8600746000010986,4.48
0.8603333000210114,4.56
0.8606859000283293,4.44
0.861027600010857,4.44
0.8613159000233281,4.48
0.8615705000120215,4.6
0.8618589000252541,4.52
0.8621530000236817,4.52
0.862341700005345,4.68
0.8625258000101894,4.72
0.8630215000011958,4.04
0.863674100022763,3.7199999999999998
0.8640539000043646,4.36
0.8643659000226762,4.48
0.8645847000007052,4.64
0.8648603000037838,4.52
0.865240300016012,4.4
0.8654731000133324,4.6
0.865638300019782,4.72
0.8659356000134721,4.52
0.8660995000100229,4.76
0.8663213000108954,4.64
0.8666165000176989,4.52
0.8668095000030007,4.68
0.8670636000169907,4.56
0.867334500013385,4.56
0.8675329000107013,4.68
0.8677260000258684,4.68
0.8678777000168338,4.76
0.8681824000086635,4.52
0.8684249000216369,4.6
0.8689372000226285,4.12
0.8691543000168167,4.64
0.8694066000171006,4.56
0.8696526000276208,4.6
0.8700480000115931,4.36
0.8703103000007104,4.56
0.870486300002085,4.72
0.8707718000223394,4.64
0.8710605000087526,4.52
0.871339600009378,4.52
0.8715734000143129,4.6
0.8718440000084229,4.52
0.872059800021816,4.68
0.8723368000064511,4.48
0.8725727000273764,4.6
0.8729691000189632,4.36
0.8733982000267133,4.28
0.8735842000169214,4.68
0.873765900003491,4.72
0.8741924000205472,4.32
0.8745003000076395,4.52
0.8747935000283178,4.48
0.8750281000102405,4.64
0.8752837000065483,4.56
0.875523599999724,4.6
0.8757196000078693,4.68
0.8759178000036627,4.68
0.8761563000152819,4.6
0.8764889000158291,4.44
0.876846300001489,4.4
0.8770242000173312,4.72
0.8773259000154212,4.52
0.8775249000173062,4.68
0.8776766000082716,4.76
0.8778807000198867,4.68
0.8781356000108644,4.6
0.8784340000129305,4.48
0.8786229000252206,4.68
0.878851500019664,4.64
0.8790650000155438,4.64
0.8793465000053402,4.6
0.8795604000042658,4.72
0.8798168000066653,4.56
0.8799747000157367,4.76
0.8803638000099454,4.32
0.8805664000101388,4.72
0.880981000023894,4.28
0.8812243000138551,4.6
0.8813935000216588,4.76
0.8816239000007045,4.64
0.8818834000267088,4.56
0.8823865000158548,4.24
0.8825709000229836,4.72
0.8827468000235967,4.72
0.8829674000153318,4.64
0.8832429000176489,4.52
0.8835013000061736,4.56
0.8837367000232916,4.64
0.8841873000201304,4.28
0.8845037000137381,4.48
0.8847805000259541,4.52
0.8850739000190515,4.52
0.8852727000194136,4.68
0.8860076000273693,3.84
0.8862608000054024,4.56
0.8864881000190508,4.64
0.8867009000096004,4.72
0.8869012000213843,4.68
0.8871006000263151,4.68
0.8874871000007261,4.32
0.8876604000106454,4.72
0.8878360000089742,4.72
0.8880684000032488,4.64
0.8883867000113241,4.44
0.888671200023964,4.52
0.8889743000036106,4.48
0.8894192000152543,4.28
0.8895992000179831,4.72
0.889847100013867,4.56
0.8901277000259142,4.6
0.8903434000094421,4.64
0.8906620000198018,4.52
0.891081200010376,4.36
0.8914590000058524,4.32
0.8916903000208549,4.64
0.8918628000246827,4.72
0.8922423000039998,4.44
0.892422600009013,4.72
0.8928837000275962,4.2
0.8932220000133384,4.44
0.8935067000275012,4.52
0.893707400013227,4.68
0.893917200010037,4.64
0.8940900000161491,4.72
0.8942542000149842,4.76
0.894569300027797,4.52
0.8948432000179309,4.6
0.8950503000232857,4.68
0.8954214000259526,4.32
0.8956175000057556,4.68
0.8958226000249851,4.64
0.8961156000150368,4.52
0.8964159000024665,4.52
0.8966006000118796,4.72
0.8968025000067428,4.68
0.8970256000175141,4.64
0.8974473000271246,4.32
0.8976493000227492,4.68
0.8979713000007905,4.44
0.8982409000163898,4.56
0.8986055000277702,4.4
0.8988421000249218,4.6
0.8991083000146318,4.56
0.8993281000002753,4.64
0.8995985000219662,4.56
0.8998875000106636,4.52
0.900184199999785,4.48
0.9004210000275634,4.6
0.9006216000125278,4.68
0.9008944000233896,4.56
0.9011678000097163,4.56
0.9014880000031553,4.52
0.9017298000107985,4.6
0.9019998000003397,4.56
0.9021984999999404,4.68
0.9024837000179105,4.56
0.9027462000085507,4.76
0.9030234000238124,4.6
0.9035682000103407,4.12
0.9037736000027508,4.68
0.903963200020371,4.72
0.9041553000279237,4.68
0.9043704000068828,4.64
0.9046622000169009,4.52
0.904887000011513,4.64
0.9050873000232968,4.68
0.9052804000093602,4.68
0.9054728000191972,4.68
0.9056595000147354,4.68
0.9058263000042643,4.72
0.9061408000125084,4.52
0.9063543000083882,4.64
0.9066778000269551,4.48
0.906912900012685,4.6
0.9071137000282761,4.68
0.9073277000279631,4.64
0.9076001000066753,4.56
0.9080157000280451,4.36
0.9081587000109721,4.8
0.9083492000063416,4.68
0.9087578000035137,4.4
0.9090166000241879,4.6
0.9091914000164252,4.72
0.9093993000278715,4.64
0.9095904000278097,4.68
0.909737000009045,4.76
0.9100158000073861,4.52
0.9101779000193346,4.72
0.9104791000136174,4.48
0.9109029000101145,4.28
0.9111292000161484,4.64
0.9114644000073895,4.4
0.9116648000199348,4.64
0.9119407000252977,4.56
0.9122077000210993,4.56
0.9125173000211362,4.44
0.9128920000221115,4.36
0.913108300010208,4.68
0.9133426000189502,4.6
0.9135214000125416,4.68
0.9137260999996215,4.64
0.9139472000242677,4.6
0.914165000023786,4.68
0.9143698000116274,4.6
0.914610800013179,4.56
0.9148396000091452,4.6
0.915015200007474,4.72
0.9154820000112522,4.28
0.915689100016607,4.72
0.9159947000152897,4.6
0.9163075000105891,4.56
0.916524300002493,4.68
0.9167278000095394,4.72
0.9170829000067897,4.4
0.917333100020187,4.6
0.9175550000218209,4.6
0.9178695000009611,4.48
0.9181947000033688,4.64
0.9183743000030518,4.68
0.9185538000019733,4.68
0.9188622000219766,4.52
0.9190561000141315,4.68
0.9193280000181403,4.68
0.919554899999639,4.68
0.9198556000192184,4.56
0.9200434000231326,4.68
0.9203427000029478,4.44
0.9205103000276722,4.68
0.9208479000080843,4.36
0.9211423000087962,4.44
0.9214174000080675,4.44
0.9216450000240002,4.52
0.921925700007705,4.48
0.922136600012891,4.6
0.9223847000102978,4.56
0.9225610000139568,4.68
0.9227760000212584,4.6
0.9229465000098571,4.72
0.9231591999996454,4.6
0.923357500025304,4.64
0.9235811000107788,4.56
0.923745100008091,4.68
0.9239299000182655,4.64
0.9241550000151619,4.56
0.9243525000056252,4.64
0.9245879000227433,4.56
0.9247884000069462,4.64
0.9250752000079956,4.48
0.9253357000125106,4.6
0.9256341000145767,4.56
0.925805400009267,4.72
0.9260308000084478,4.56
0.9262211000022944,4.64
0.9263695000263397,4.72
0.9265462000039406,4.68
0.9268424000183586,4.48
0.9271489000238944,4.44
0.9273951000068337,4.52
0.9275980000093114,4.6
0.9277577000029851,4.72
0.927940400026273,4.68
0.9281418000173289,4.6
0.928465300006792,4.4
0.9286147000093479,4.72
0.9287999000225682,4.64
0.9289867000188679,4.64
0.9291183000023011,4.76
0.929361600021366,4.52
0.9296825000201352,4.44
0.9300018000067212,4.32
0.9301953000249341,4.6
0.9306257000134792,4.16
0.930777700006729,4.72
0.9311092000280041,4.4
0.9313187000225298,4.6
0.931490200018743,4.68
0.9318121000251267,4.44
0.9320941000187304,4.44
0.9322482000279706,4.72
0.932482300006086,4.56
0.9327097000204958,4.6
0.9329619000200182,4.6
0.9331867000146303,4.6
0.9333366000209935,4.72
0.9338373000209685,4.24
0.9342001000186428,4.28
0.9344057000125758,4.64
0.9345637000224087,4.72
0.9350086000049487,4.32
0.9351992000010796,4.64
0.9354607000132091,4.64
0.9357945000228938,4.48
0.9360717000090517,4.48
0.9362642000196502,4.68
0.9365486000024248,4.52
0.9367993000196293,4.48
0.9370255000249017,4.6
0.9372894000262022,4.48
0.93748350001988,4.64
0.9377589000214357,4.48
0.9378882000164595,4.76
0.9380446000141092,4.72
0.9382629000174347,4.6
0.9384684000106063,4.6
0.9387152000272181,4.48
0.9388695000088774,4.72
0.9391454000142403,4.6
0.9394794000254478,4.56
0.939760400011437,4.52
0.9400567000266165,4.48
0.9402788000006694,4.6
0.940411400020821,4.76
0.9406087000097614,4.6
0.9407527000003029,4.76
0.9409129000268877,4.72
0.9412244000122882,4.4
0.9415474000270478,4.4
0.9422291000082623,3.84
0.9424355000082869,4.6
0.9426480000256561,4.6
0.943112300010398,4.12
0.9434012000274379,4.56
0.9436918000283185,4.64
0.9439100000017788,4.6
0.944110600015847,4.6
0.9443612000031862,4.6
0.9446155000186991,4.56
0.9448511000082362,4.56
0.9450870000000577,4.6
0.945398900017608,4.48
0.9458438000001479,4.2
0.9462903000239749,4.12
0.9472101000137627,3.5599999999999996
0.9474599000241142,4.52
0.9476869000063743,4.56
0.9478221000172198,4.76
0.9491148000233807,2.999999999999999
0.949420300021302,4.48
0.9497811000037473,4.4
0.9500135000271257,4.64
0.9502318000013474,4.6
0.9504600000218488,4.56
0.9507144000090193,4.56
0.9508607000170741,4.72
0.9511472000158392,4.44
0.9514108000148553,4.48
0.9516220000223257,4.6
0.9518846000137273,4.52
0.9520890000276268,4.64
0.9522249000146985,4.76
0.9524459000094794,4.56
0.9527701000042725,4.44
0.9529624000133481,4.64
0.9531258000060916,4.68
0.9534350000030827,4.4
0.9536028000002261,4.68
0.9537894000241067,4.64
0.9539672000100836,4.64
0.9545928000006825,3.84
0.954757100000279,4.68
0.9549908000044525,4.56
0.9551430999999866,4.72
0.955477300012717,4.4
0.9556687000149395,4.64
0.9558489000191912,4.64
0.956237800011877,4.24
0.9564080000272952,4.68
0.9569026000099257,4.04
0.9571519000164699,4.48
0.9573779000202194,4.56
0.957840600021882,4.2
0.9580298000073526,4.64
0.9582240000017919,4.64
0.958418200025335,4.64
0.9587255000078585,4.4
0.9589381000259891,4.64
0.9590787000197452,4.76
0.9595016000093892,4.12
0.9596757000254001,4.68
0.9598213000281248,4.72
0.9600193000223953,4.64
0.9602792000223417,4.48
0.9606179000111297,4.44
0.9608826000185218,4.56
0.9612494000175502,4.32
0.9614484000194352,4.64
0.961719200015068,4.52
0.9618493000161834,4.8
0.9620838000264484,4.64
0.9623293000040576,4.56
0.9625827000127174,4.6
0.9628083000134211,4.64
0.9631961000268348,4.32
0.9636237000231631,4.32
0.9638863000145648,4.56
0.9641241000208538,4.6
0.9644848000025377,4.44
0.9647094000247307,4.6
0.9651644000259694,4.24
0.9654114000150003,4.6
0.9656720000202768,4.68
0.965871500025969,4.68
0.966099800018128,4.68
0.9663864000176545,4.52
0.9666753000055905,4.52
0.967082900024252,4.24
0.9673232000204735,4.56
0.9676944000239018,4.28
0.9678973000263795,4.64
0.9682341000007,4.44
0.9684881000139285,4.52
0.9687675000168383,4.52
0.9689333000278566,4.72
0.9692124000284821,4.52
0.9693998000002466,4.68
0.969574000017019,4.72
0.9697758000111207,4.64
0.9699368000146933,4.72
0.970199200004572,4.56
0.970416300027864,4.6
0.9706537000020035,4.56
0.9710795000137296,4.28
0.9712896000128239,4.6
0.9714992000081111,4.6
0.9719949000282213,4.12
0.972145100007765,4.76
0.972363500011852,4.6
0.9726978000253439,1.3599999999999999
0.9728429000242613,4.76
0.9730871000210755,4.64
0.9733785000280477,4.52
0.9736110000230838,4.6
0.9737719000258949,4.72
0.9740390000224579,4.6
0.9743264999997336,4.4
0.9746766000171192,4.32
0.9749115000013262,4.56
0.9750773000123445,4.72
0.9752112000132911,4.76
0.97548380002263,4.48
0.9756639000261202,4.68
0.975961800024379,4.4
0.9761818000115454,4.6
0.9763286000234075,4.72
0.9765561000094749,4.56
0.9767257000203244,4.68
0.9769007000140846,4.68
0.977132400003029,4.56
0.9774287000182085,4.44
0.9775961000123061,4.68
0.9777787000057288,4.64
0.9780618000077084,4.44
0.9782552000251599,4.68
0.9784464000258595,4.64
0.979546400019899,2.679999999999999
0.9797713000152726,4.56
0.9801009000220802,4.44
0.9805145000282209,4.2
0.9807120000186842,4.64
0.9809062000131235,4.64
0.9812053000205196,4.68
0.9813513000262901,4.76
0.9815002000250388,4.76
0.9816885000036564,4.68
0.9818865000270307,4.68
0.9821630000078585,4.52
0.9823599000228569,4.64
0.9825526000058744,4.64
0.9827256000135094,4.72
0.9830849000136368,4.4
0.983430500025861,4.36
0.9837239000189584,4.48
0.9840915000240784,4.36
0.9843243000213988,4.56
0.9845218000118621,4.64
0.9847884000046179,4.52
0.9850166000251193,4.6
0.9852194000268355,4.64
0.9854570000024978,4.52
0.9856903000036255,4.56
0.9859250000154134,4.52
0.9862018000276294,4.44
0.9863718000124209,4.68
0.9865874000242911,4.6
0.9868558000016492,4.48
0.9870084000285715,4.72
0.9871670000138693,4.72
0.9873594000237063,4.64
0.9875948000117205,4.56
0.9878811000089627,4.44
0.9880551000242122,4.68
0.9882458000211045,4.6
0.9884410000231583,4.64
0.9886003000137862,4.68
0.988790200004587,4.72
0.9890126000100281,4.64
0.9892622000188567,4.48
0.9894906000117771,4.52
0.9897000000055414,4.6
0.9898830000020098,4.64
0.9900646000169218,4.68
0.9902620000066236,4.64
0.9905131000268739,4.48
0.9908375000231899,4.4
0.9910478000238072,4.64
0.99133950000396,4.4
0.9915628000162542,4.6
0.9919298000168055,4.4
0.9921983000240289,4.52
0.9924157000205014,4.6
0.9927033000276424,4.48
0.9930060000042431,4.48
0.9933747000177391,4.32
0.993712499999674,4.36
0.9939889000088442,4.56
0.9942540000192821,4.52
0.9945100000186358,4.56
0.9949302000168245,4.28
0.9951638000202365,4.6
0.9953401000238955,4.72
0.9955362000036985,4.68
0.9959054000210017,4.4
0.9961304000171367,4.64
0.9963458000274841,4.64
0.9973822000029031,3.6399999999999997
0.99757390000741,4.68
0.9977742000191938,4.68
0.9981344000261743,4.4
0.998341900005471,4.64
0.9985917000158224,4.6
0.9989101000246592,4.48
0.9991116000164766,4.72
0.9993409000162501,4.64
0.9995561000250746,4.64
0.9997621000220533,4.68
0.9999864000128582,4.68
1.001611600018805,2.879999999999999
1.0018449000199325,4.64
1.0020247000211384,4.72
1.00230050002574,4.56
1.0026715000276454,4.44
1.0028776000253856,4.68
1.003149400028633,4.56
1.003534600022249,4.44
1.0037377000262495,4.68
1.0039700000197627,4.64
1.0042293000151403,4.6
1.0043839999998454,4.76
1.0046743000275455,4.56
1.0049921000027098,4.48
1.00523370000883,4.6
1.0055710000160616,4.48
1.0057296000013594,4.76
1.0059264000155963,4.68
1.0061049000069033,1.72
1.0062891000125092,4.72
1.0065084000234492,4.64
1.0067132000112906,4.68
1.007194600009825,4.2
1.0073970000084955,4.68
1.0075627000187524,4.76
1.0077844000188634,4.64
1.0079990000231192,4.64
1.008442600024864,4.28
1.008620400010841,4.72
1.0087964000122156,4.72
1.0090925000258721,4.52
1.0093900000210851,4.52
1.0096116000204347,4.64
1.0099404000211507,4.48
1.0110124000057112,3.5599999999999996
1.0111932000145316,4.72
1.0114255000080448,4.64
1.0116028000193182,4.72
1.0118412000010721,4.6
1.0120741000282578,4.6
1.0122884000011254,4.64
1.012491300003603,4.68
1.0128849000029732,4.48
1.0131838000088464,4.52
1.0135105000226758,4.48
1.0136926000122912,4.72
1.013998200010974,4.52
1.0142765000055078,4.56
1.014596300025005,4.48
1.0150069000083022,4.32
1.0153335000213701,4.44
1.0155652000103146,4.6
1.0157700000272598,4.68
1.0160061000206042,4.6
1.0162931000231765,4.52
1.016509400011273,4.64
1.0167198000126518,4.64
1.0169950000126846,4.52
1.0173315000138246,4.4
1.0175457000150345,4.64
1.0179799000034109,4.24
1.0182015000027604,4.64
1.018386300012935,4.72
1.0187436000269372,4.44
1.0190064000198618,4.56
1.019233200000599,4.64
1.0193900000012945,4.76
1.0196613000007346,4.56
1.02004550001584,4.32
1.0203584000119008,4.48
1.0205353000201285,4.72
1.0207072000193875,4.72
1.0209101000218652,4.68
1.0212096000032034,4.48
1.0214071000227705,4.68
1.0216297000006307,4.64
1.0218297000101302,4.68
1.0222027000272647,4.36
1.0224107000103686,4.64
1.022753700002795,4.4
1.0229315000178758,4.72
1.0230887000216171,4.76
1.0233169000130147,4.64
1.0234953000035603,4.72
1.0238451000186615,4.36
1.0240327000210527,4.68
1.0242284000269137,1.64
1.0244793000165373,4.6
1.0246660000120755,4.68
1.024990700010676,4.48
1.025165700004436,4.72
1.025407000008272,4.6
1.0257064000179525,4.56
1.0260720000078436,4.32
1.026349100022344,4.52
1.026566200016532,4.64
1.0267927000240888,4.6
1.0270929000107571,4.52
1.0273938000027556,4.52
1.0277795000001788,4.36
1.028032100002747,4.56
1.0283281000156421,4.48
1.028546700021252,4.64
1.0289638000249397,4.6
